1,0,64,,-1,-1,-1,-1,1617379526243
2,0,-1,misc:3d chinese,-1,-1,-1,-1,1617379526236
4,1,-1,15995115,-1,-1,-1,-1,1617379526249
5,1,-1,ch753214896,-1,-1,-1,-1,1617379526257
6,1,-1,jerrymercer416,-1,-1,-1,-1,1617379526258
7,1,-1,えりぴよ,-1,-1,-1,-1,1617379526260
8,1,-1,Me.Joker,-1,-1,-1,-1,1617379526261
9,1,-1,onesummer,-1,-1,-1,-1,1617379526262
10,1,-1,conanak99,-1,-1,-1,-1,1617379526262
11,1,-1,songerwr,-1,-1,-1,-1,1617379526263
12,1,-1,羅彩毓,-1,-1,-1,-1,1617379526264
13,1,-1,Sturer Emil,-1,-1,-1,-1,1619284040357
14,1,-1,spork4313988,-1,-1,-1,-1,1625090517521
15,1,-1,carradio2014,-1,-1,-1,-1,1625094133991
16,1,-1,hoshisama,-1,-1,-1,-1,1625123216951
17,1,-1,fleialei,-1,-1,-1,-1,1625691180118
18,1,-1,A点秋梨膏,-1,-1,-1,-1,1625694181500
19,1,-1,qN6QSHvSPd,-1,-1,-1,-1,1625694287685
20,1,-1,Rape is good,-1,-1,-1,-1,1625694430406
21,1,-1,Sachia Lanlus,-1,-1,-1,-1,1625694480411
22,1,-1,majinger,-1,-1,-1,-1,1625694502955
23,1,-1,k476,-1,-1,-1,-1,1625694527874
24,1,-1,radamantys4371,-1,-1,-1,-1,1625696263981
25,1,-1,tle0318,-1,-1,-1,-1,1625697828383
26,1,-1,Akinox,-1,-1,-1,-1,1625698103490
27,1,-1,dhongi420,-1,-1,-1,-1,1625700632050
28,1,-1,b217285,-1,-1,-1,-1,1625700660563
29,1,-1,sadikus,-1,-1,-1,-1,1625700854218
30,1,-1,nasu,-1,-1,-1,-1,1625700970794
31,1,-1,curzz,-1,-1,-1,-1,1625701095744
32,1,64,kanoon48,-1,-1,-1,-1,1625701407211
33,1,-1,DezaiaDoraibu,-1,-1,-1,-1,1625702038728
34,1,-1,dawd2123da,-1,-1,-1,-1,1625753107494
35,1,-1,wvwvwvw4,-1,-1,-1,-1,1625854485255
36,1,-1,Mitaku.net,-1,-1,-1,-1,1625901913421
37,1,-1,Jackelverde,-1,-1,-1,-1,1625903601158
38,1,-1,Marcensie,-1,-1,-1,-1,1625903804130
39,1,-1,l2ose,-1,-1,-1,-1,1626108916749
40,1,-1,eldigitos,-1,-1,-1,-1,1626109341124
41,1,-1,Jun Jones 58,-1,-1,-1,-1,1626359550375
42,1,-1,Lumilicious,-1,-1,-1,-1,1626600565789
43,0,64,uploader:Pokom,-1,-1,-1,-1,1628221824929
44,1,-1,ghjkl11,-1,-1,-1,-1,1628482606805
45,1,-1,friendship0013,-1,-1,-1,-1,1628568356361
46,0,64,uploader:Scumbini,3,-1,-1,-1,1628630190070
47,0,64,uploader:Shank,-1,-1,-1,-1,1629230806434
48,0,-1,"""BATHROOM""",-1,-1,-1,-1,1630005537603
49,0,-1,"""Teacher Teacher """,-1,-1,-1,-1,1631561767765
50,0,-1,"""HYPNO BLINK""",-1,-1,-1,-1,1632502379466
51,0,-1,"""Kahanshin Daiichi Shugi""",-1,-1,-1,-1,1632584101636
52,0,-1,"""Kaname Date""",-1,-1,-1,-1,1633872214045
53,0,-1,"""Bitch no Susume ~Mesu ni Mezameru Seitokaichou~""",-1,-1,-1,-1,1633874194539
54,0,-1,末途,-1,-1,-1,-1,1633937192237
56,1,-1,Dz z,-1,-1,-1,-1,1633937491290
57,1,-1,滅茶苦茶,-1,-1,-1,-1,1617379526242
58,1,-1,Daniel_Sheng,-1,-1,-1,-1,1617379526237
59,1,-1,ad1324132457,-1,-1,-1,-1,1633937626561
60,0,64,,3,-1,111,-1,1617379526248
61,0,64,,3,-1,-1,44,1617379526244
62,0,64,,3,-1,44,111,1617379526245
63,0,-1,"""兄嫁の子宮が哭くか""",-1,-1,-1,-1,1634027690877
64,0,1,uploader:Pokom,-1,-1,-1,-1,1634113278367
65,0,-1,"""Kanojo ni Kokuhaku Suru Mae ni Tomodachi ni Nakadashi Sareta.""",-1,-1,-1,-1,1634129111852
66,2,-1,parody:sentouin hakenshimasu,-1,-1,-1,-1,1634179865953
67,1,-1,1987shk,-1,-1,-1,-1,1634221507603
68,1,-1,Rori·,-1,-1,-1,-1,1634221740501
69,1,-1,hinatah,-1,-1,-1,-1,1634221803650
70,1,-1,jonLeeTim,-1,-1,-1,-1,1634222719460
71,1,-1,Horn_pixiv,-1,-1,-1,-1,1634222753413
72,1,-1,CGmaskdoll,-1,-1,-1,-1,1634222871911
73,1,-1,xuxuanyun,-1,-1,-1,-1,1634222930261
74,1,-1,xiaofange,-1,-1,-1,-1,1634222975809
75,1,-1,future_pixiv,-1,-1,-1,-1,1634223009661
76,1,-1,雨天独行,-1,-1,-1,-1,1634223043263
